﻿<?xml version="1.0" encoding="UTF-8"?>
<addon id="skin.XboxOne" version="0.3.1" name="Xbox One" provider-name="Toyota12303">
    <requires>
        <import addon="xbmc.gui" version="5.13.0" />
        <import addon="script.globalsearch" version="4.0.2" />
        <import addon="script.favourites" version="6.0.1" />
       <import addon="script.extendedinfo" version="5.6.0" />
        <import addon="plugin.video.youtube" version="6.1.4" />
    </requires>
    <extension point="xbmc.gui.skin" effectslowdown="0.80" debugging="false">
        <res width="1920" height="1080" aspect="16:9" default="true" folder="1080i" />
    </extension>
    <extension point="xbmc.addon.metadata">
        <summary lang="en">Xbox one skin based off Xperience 1080.</summary>
        <platform>all</platform>
        <assets>
            <icon>resources/icon.png</icon>
            <fanart>resources/fanart.jpg</fanart>
        </assets>
    </extension>
</addon>
